<?xml version="1.0" encoding="UTF-8"?><rss version="2.0"
	xmlns:content="http://purl.org/rss/1.0/modules/content/"
	xmlns:wfw="http://wellformedweb.org/CommentAPI/"
	xmlns:dc="http://purl.org/dc/elements/1.1/"
	xmlns:atom="http://www.w3.org/2005/Atom"
	xmlns:sy="http://purl.org/rss/1.0/modules/syndication/"
	xmlns:slash="http://purl.org/rss/1.0/modules/slash/"
	>

<channel>
	<title>CSS &#8211; TuneCode</title>
	<atom:link href="https://acindia.github.io/TuneCode.github.io/category/code-languages/css/feed/" rel="self" type="application/rss+xml" />
	<link>https://acindia.github.io/TuneCode.github.io</link>
	<description>Tune your Code here</description>
	<lastBuildDate>Sun, 24 Apr 2022 15:32:20 +0000</lastBuildDate>
	<language>en-US</language>
	<sy:updatePeriod>
	hourly	</sy:updatePeriod>
	<sy:updateFrequency>
	1	</sy:updateFrequency>
	<generator>https://wordpress.org/?v=5.9.3</generator>
	<item>
		<title>about CSS</title>
		<link>https://acindia.github.io/TuneCode.github.io/hello-world/</link>
					<comments>https://acindia.github.io/TuneCode.github.io/hello-world/#comments</comments>
		
		<dc:creator><![CDATA[TuneCode]]></dc:creator>
		<pubDate>Fri, 22 Apr 2022 13:18:07 +0000</pubDate>
				<category><![CDATA[CSS]]></category>
		<guid isPermaLink="false">https://acindia.github.io/TuneCode.github.io/?p=1</guid>

					<description><![CDATA[Welcome to WordPress. This is your first post. Edit or delete it, then start writing! Cascading Style Sheets (CSS) is a style sheet language used for describing the presentation of a document written in a markup language such as HTML. Welcome to WordPress. This is your first post. Edit or delete it, then start writing!]]></description>
										<content:encoded><![CDATA[		<div data-elementor-type="wp-post" data-elementor-id="1" class="elementor elementor-1">
									<section class="elementor-section elementor-top-section elementor-element elementor-element-428a3c14 elementor-section-boxed elementor-section-height-default elementor-section-height-default wpr-particle-no wpr-jarallax-no wpr-parallax-no wpr-sticky-section-no" data-id="428a3c14" data-element_type="section">
						<div class="elementor-container elementor-column-gap-default">
					<div class="elementor-column elementor-col-100 elementor-top-column elementor-element elementor-element-1923d677" data-id="1923d677" data-element_type="column">
			<div class="elementor-widget-wrap elementor-element-populated">
								<div class="elementor-element elementor-element-532b91e elementor-widget elementor-widget-image" data-id="532b91e" data-element_type="widget" data-widget_type="image.default">
				<div class="elementor-widget-container">
			<style>/*! elementor - v3.6.4 - 13-04-2022 */
.elementor-widget-image{text-align:center}.elementor-widget-image a{display:inline-block}.elementor-widget-image a img[src$=".svg"]{width:48px}.elementor-widget-image img{vertical-align:middle;display:inline-block}</style>												<img width="1024" height="571" src="https://acindia.github.io/TuneCode.github.io/wp-content/uploads/2022/04/bgcss-1024x571.png" class="attachment-large size-large" alt="" loading="lazy" srcset="https://acindia.github.io/TuneCode.github.io/wp-content/uploads/2022/04/bgcss-1024x571.png 1024w, https://acindia.github.io/TuneCode.github.io/wp-content/uploads/2022/04/bgcss-300x167.png 300w, https://acindia.github.io/TuneCode.github.io/wp-content/uploads/2022/04/bgcss-768x428.png 768w, https://acindia.github.io/TuneCode.github.io/wp-content/uploads/2022/04/bgcss-1536x856.png 1536w, https://acindia.github.io/TuneCode.github.io/wp-content/uploads/2022/04/bgcss.png 1660w" sizes="(max-width: 1024px) 100vw, 1024px" />															</div>
				</div>
				<div class="elementor-element elementor-element-34a526c7 elementor-widget elementor-widget-text-editor" data-id="34a526c7" data-element_type="widget" data-widget_type="text-editor.default">
				<div class="elementor-widget-container">
			<style>/*! elementor - v3.6.4 - 13-04-2022 */
.elementor-widget-text-editor.elementor-drop-cap-view-stacked .elementor-drop-cap{background-color:#818a91;color:#fff}.elementor-widget-text-editor.elementor-drop-cap-view-framed .elementor-drop-cap{color:#818a91;border:3px solid;background-color:transparent}.elementor-widget-text-editor:not(.elementor-drop-cap-view-default) .elementor-drop-cap{margin-top:8px}.elementor-widget-text-editor:not(.elementor-drop-cap-view-default) .elementor-drop-cap-letter{width:1em;height:1em}.elementor-widget-text-editor .elementor-drop-cap{float:left;text-align:center;line-height:1;font-size:50px}.elementor-widget-text-editor .elementor-drop-cap-letter{display:inline-block}</style>				<!-- wp:paragraph {"align":"center"} -->
<p class="has-text-align-center">Welcome to WordPress. This is your first post. Edit or delete it, then start writing! Cascading Style Sheets (CSS) is a style sheet language used for describing the presentation of a document written in a markup language such as HTML. Welcome to WordPress. This is your first post. Edit or delete it, then start writing!</p>
<!-- /wp:paragraph -->						</div>
				</div>
					</div>
		</div>
							</div>
		</section>
							</div>
		]]></content:encoded>
					
					<wfw:commentRss>https://acindia.github.io/TuneCode.github.io/hello-world/feed/</wfw:commentRss>
			<slash:comments>1</slash:comments>
		
		
			</item>
	</channel>
</rss>
