<?xml version="1.0" encoding="UTF-8"?><rss version="2.0"
	xmlns:content="http://purl.org/rss/1.0/modules/content/"
	xmlns:dc="http://purl.org/dc/elements/1.1/"
	xmlns:atom="http://www.w3.org/2005/Atom"
	xmlns:sy="http://purl.org/rss/1.0/modules/syndication/"
	
	>
<channel>
	<title>
	Comments on: about html	</title>
	<atom:link href="https://acindia.github.io/TuneCode.github.io/about-html/feed/" rel="self" type="application/rss+xml" />
	<link>https://acindia.github.io/TuneCode.github.io/about-html/</link>
	<description>Tune your Code here</description>
	<lastBuildDate>Mon, 25 Apr 2022 13:10:32 +0000</lastBuildDate>
	<sy:updatePeriod>
	hourly	</sy:updatePeriod>
	<sy:updateFrequency>
	1	</sy:updateFrequency>
	<generator>https://wordpress.org/?v=5.9.3</generator>
</channel>
</rss>
