<?xml version="1.0" encoding="UTF-8"?><rss version="2.0"
	xmlns:content="http://purl.org/rss/1.0/modules/content/"
	xmlns:wfw="http://wellformedweb.org/CommentAPI/"
	xmlns:dc="http://purl.org/dc/elements/1.1/"
	xmlns:atom="http://www.w3.org/2005/Atom"
	xmlns:sy="http://purl.org/rss/1.0/modules/syndication/"
	xmlns:slash="http://purl.org/rss/1.0/modules/slash/"
	>

<channel>
	<title>Javascript &#8211; TuneCode</title>
	<atom:link href="https://acindia.github.io/TuneCode.github.io/category/code-languages/javascript/feed/" rel="self" type="application/rss+xml" />
	<link>https://acindia.github.io/TuneCode.github.io</link>
	<description>Tune your Code here</description>
	<lastBuildDate>Sun, 24 Apr 2022 15:37:00 +0000</lastBuildDate>
	<language>en-US</language>
	<sy:updatePeriod>
	hourly	</sy:updatePeriod>
	<sy:updateFrequency>
	1	</sy:updateFrequency>
	<generator>https://wordpress.org/?v=5.9.3</generator>
	<item>
		<title>about javascript</title>
		<link>https://acindia.github.io/TuneCode.github.io/about-javascript/</link>
					<comments>https://acindia.github.io/TuneCode.github.io/about-javascript/#respond</comments>
		
		<dc:creator><![CDATA[TuneCode]]></dc:creator>
		<pubDate>Sat, 23 Apr 2022 14:27:10 +0000</pubDate>
				<category><![CDATA[Javascript]]></category>
		<guid isPermaLink="false">https://acindia.github.io/TuneCode.github.io/?p=599</guid>

					<description><![CDATA[JavaScript (often shortened to JS) is&#160;a lightweight, interpreted, object-oriented language with first-class functions, and is best known as the scripting language for Web pages, but it&#8217;s used in many non-browser environments as well.]]></description>
										<content:encoded><![CDATA[		<div data-elementor-type="wp-post" data-elementor-id="599" class="elementor elementor-599">
									<section class="elementor-section elementor-top-section elementor-element elementor-element-4fa4a08f elementor-section-boxed elementor-section-height-default elementor-section-height-default wpr-particle-no wpr-jarallax-no wpr-parallax-no wpr-sticky-section-no" data-id="4fa4a08f" data-element_type="section">
						<div class="elementor-container elementor-column-gap-default">
					<div class="elementor-column elementor-col-100 elementor-top-column elementor-element elementor-element-5444287a" data-id="5444287a" data-element_type="column">
			<div class="elementor-widget-wrap elementor-element-populated">
								<div class="elementor-element elementor-element-815a26f elementor-widget elementor-widget-image" data-id="815a26f" data-element_type="widget" data-widget_type="image.default">
				<div class="elementor-widget-container">
			<style>/*! elementor - v3.6.4 - 13-04-2022 */
.elementor-widget-image{text-align:center}.elementor-widget-image a{display:inline-block}.elementor-widget-image a img[src$=".svg"]{width:48px}.elementor-widget-image img{vertical-align:middle;display:inline-block}</style>												<img width="1024" height="576" src="https://acindia.github.io/TuneCode.github.io/wp-content/uploads/2022/04/javascript-1024x576.png" class="attachment-large size-large" alt="" loading="lazy" srcset="https://acindia.github.io/TuneCode.github.io/wp-content/uploads/2022/04/javascript-1024x576.png 1024w, https://acindia.github.io/TuneCode.github.io/wp-content/uploads/2022/04/javascript-300x169.png 300w, https://acindia.github.io/TuneCode.github.io/wp-content/uploads/2022/04/javascript-768x432.png 768w, https://acindia.github.io/TuneCode.github.io/wp-content/uploads/2022/04/javascript-1536x864.png 1536w, https://acindia.github.io/TuneCode.github.io/wp-content/uploads/2022/04/javascript.png 1563w" sizes="(max-width: 1024px) 100vw, 1024px" />															</div>
				</div>
				<div class="elementor-element elementor-element-4352ca83 elementor-widget elementor-widget-text-editor" data-id="4352ca83" data-element_type="widget" data-widget_type="text-editor.default">
				<div class="elementor-widget-container">
			<style>/*! elementor - v3.6.4 - 13-04-2022 */
.elementor-widget-text-editor.elementor-drop-cap-view-stacked .elementor-drop-cap{background-color:#818a91;color:#fff}.elementor-widget-text-editor.elementor-drop-cap-view-framed .elementor-drop-cap{color:#818a91;border:3px solid;background-color:transparent}.elementor-widget-text-editor:not(.elementor-drop-cap-view-default) .elementor-drop-cap{margin-top:8px}.elementor-widget-text-editor:not(.elementor-drop-cap-view-default) .elementor-drop-cap-letter{width:1em;height:1em}.elementor-widget-text-editor .elementor-drop-cap{float:left;text-align:center;line-height:1;font-size:50px}.elementor-widget-text-editor .elementor-drop-cap-letter{display:inline-block}</style>				<!-- wp:paragraph {"align":"center"} -->
<p class="has-text-align-center">JavaScript (often shortened to JS) is&nbsp;<strong>a lightweight, interpreted, object-oriented language with first-class functions</strong>, and is best known as the scripting language for Web pages, but it&#8217;s used in many non-browser environments as well.</p>
<!-- /wp:paragraph -->						</div>
				</div>
					</div>
		</div>
							</div>
		</section>
							</div>
		]]></content:encoded>
					
					<wfw:commentRss>https://acindia.github.io/TuneCode.github.io/about-javascript/feed/</wfw:commentRss>
			<slash:comments>0</slash:comments>
		
		
			</item>
	</channel>
</rss>
